0,"['cost', 'savings', 'phasein', 'schedule', 'load']"
1,"['BA', 'MS', 'summary']"
2,"['production', 'cost', 'detail']"
3,"['BVM', 'SNlxl', 'template']"
4,"['TV', 'market', 'overview']"
5,"['pipeline', 'recent', 'news']"
6,"['filmed', 'entertainment', 'page', 'file']"
7,"['MNDA', 'deal', 'map']"
8,"['banks', 'in', 'organization']"
9,"['energy', 'markets', 'summary']"
10,"['RNDP', 'metrics', 'project', 'RNDR', 'details', 'page']"
11,"['natural', 'gas', 'storage']"
12,"['universal', 'search', 'results']"
13,"['MNDA', 'entity', 'financials']"
14,"['capital', 'structure']"
15,"['forward', 'gas']"
16,"['network', 'change']"
17,"['US', 'life', 'business', 'overview']"
18,"['companies', 'and', 'assets']"
19,"['underwriter', 'detail', 'report']"
20,"['top', 'industry', 'auditors']"
21,"['documents', 'home', 'page']"
22,"['mergers', 'data', 'provider', 'hhi', 'analysis']"
23,"['company', 'flyout']"
24,"['capacity', 'release', 'by', 'releasing', 'shipper']"
25,"['subscribers', 'by', 'market']"
26,"['wireless', 'industry', 'benchmarks']"
27,"['deal', 'filter', 'criteria', 'min', 'market', 'premium']"
28,"['de', 'novo', 'statistics']"
29,"['select', 'A', 'page', 'search']"
30,"['excel', 'view']"
31,"['insider', 'activity']"
32,"['maps', 'layer', 'styles', 'apply']"
33,"['SNL', 'bidweek', 'index']"
34,"['profile', 'page']"
35,"['media', 'and', 'communications', 'TV', 'networks']"
36,"['investment', 'advisory', 'details']"
37,"['canned', 'report', 'view', 'definition']"
38,"['user', 'company', 'search']"
39,"['TV', 'network', 'summary']"
40,"['film', 'revenue', 'model']"
41,"['maps', 'export', 'PDF']"
42,"['rates', 'console']"
43,"['system', 'loads']"
44,"['corporate', 'profile']"
45,"['BAMSdemo', 'detail']"
46,"['SNL', 'power', 'forecast', 'guidance']"
47,"['headend', 'by', 'geography']"
48,"['features', 'blogs']"
49,"['rate', 'case', 'news']"
50,['compensation']
51,"['recent', 'deals']"
52,"['detailed', 'results', 'summary', 'of', 'considerations']"
53,"['non', 'interest', 'income']"
54,"['PNDC', 'peer', 'underwriting']"
55,"['recent', 'news']"
56,"['broadcast', 'TV', 'summary']"
57,"['financial', 'highlights', 'and', 'ratio', 'analysis']"
58,"['DTT', 'market', 'summary']"
59,"['industry', 'credit', 'ratings']"
60,"['US', 'PNDC', 'business', 'overview']"
61,"['regional', 'news']"
62,"['commodity', 'watchlist']"
63,"['source', 'tagging', 'info']"
64,"['MISO', 'capacity', 'markets']"
65,"['energy', 'contracts']"
66,"['power', 'plant', 'briefing', 'book', 'search']"
67,"['mapping', 'silo']"
68,"['mapping', 'silo', 'export']"
69,"['maps', 'export', 'PNG', '32']"
70,"['property', 'browser']"
71,"['recent', 'MNDA', 'activity']"
72,"['industry', 'benchmarks']"
73,"['environmental', 'projects']"
74,"['editors', 'picks']"
75,"['dominant', 'channel', 'number']"
76,"['ratio', 'dissection', 'MNA']"
77,"['detailed', 'results', 'capital', 'ratios']"
78,"['generation', 'chart']"
79,"['events', 'search']"
80,"['template', 'browser']"
81,"['BA', 'MS', 'detail']"
82,"['global', 'multichannel', 'market', 'briefing', 'book', 'search']"
83,"['PDF', 'view']"
84,"['power', 'plant', 'map']"
85,"['MNDA', 'deal', 'overview']"
86,"['report', 'builder', 'report', 'complete']"
87,"['article', 'abstract']"
88,"['BA', 'branch', 'navigator']"
89,"['detailed', 'results', 'irr']"
90,"['package', 'subscribers', 'by', 'network']"
91,"['online', 'newsletters', 'page']"
92,"['MNDA', 'history']"
93,"['maps', 'data', 'grid', 'export', 'to', 'excel']"
94,"['PCA', 'historical', 'values']"
95,"['all', 'links']"
96,"['mine', 'capacity', 'costs']"
97,"['day', 'ahead', 'prices']"
98,['geology']
99,"['TV', 'networks']"
100,"['top', 'radio', 'station', 'owners']"
101,"['source', 'tagging', 'info', 'MNA']"
102,"['news', 'wire', 'popup']"
103,"['ISO', 'new', 'england', 'capacity', 'markets']"
104,"['metals', 'mining', 'project', 'documents']"
105,"['mortgage', 'loan', 'summary']"
106,"['merger', 'assumptions', 'manager', 'specific']"
107,['documents']
108,"['SNL', 'market', 'movers']"
109,"['flush', 'current', 'user', 'cached', 'context']"
110,['article']
111,"['financial', 'product', 'rates']"
112,"['SNL', 'coal', 'forecast', 'summary']"
113,"['event', 'calendar']"
114,"['publication', 'details']"
115,"['pipeline', 'summary']"
116,"['new', 'user', 'signup', 'step', '3']"
117,"['market', 'overlap', 'report']"
118,"['maps', 'map', 'app', 'data', 'grid']"
119,"['aggregated', 'production']"
120,"['real', 'time']"
121,"['video', 'release', 'report']"
122,"['subdebt', 'schedule', 'load']"
123,"['power', 'plant', 'summary']"
124,"['markets', 'and', 'deals']"
125,"['PNDC', 'peer', 'highlights']"
126,"['copy', 'workbook', 'from', 'user', 'library']"
127,"['regulatory', 'news']"
128,"['CRE', 'related', 'properties']"
129,"['demographics', 'detail']"
130,"['updated', 'company', 'financials']"
131,"['power', 'plants']"
132,"['news', 'most', 'popular']"
133,"['MNDA', 'news']"
134,"['weekly', 'US', 'coal', 'production', 'by', 'region']"
135,"['mergers', 'data', 'provider', 'active', 'ws', 'content']"
136,"['top', 'wireless', 'markets']"
137,"['merger', 'analysis', 'worksheet', 'mgr', 'cp', 'base', 'company', 'palette']"
138,"['issues', 'in', 'focus']"
139,"['metals', 'mining', 'project', 'news']"
140,"['detailed', 'rates', 'report']"
141,"['my', 'interactive', 'top', 'news']"
142,"['sovereign', 'exposure']"
143,"['RSS', 'info', 'page']"
144,"['weekly', 'US', 'coal', 'production', 'by', 'region', 'graph']"
145,"['industry', 'offerings']"
146,"['SNL', 'insurance', 'covered', 'companies']"
147,"['active', 'late', 'stage', 'projects']"
148,"['merger', 'assumptions', 'manager', 'global']"
149,"['retail', 'electric', 'sales', 'by', 'state']"
150,"['SNL', 'power', 'forecast', 'summary']"
151,"['income', 'statement']"
152,"['summary', 'of', 'considerations', 'capacity', 'to', 'pay']"
153,"['TV', 'stations', 'by', 'market', 'and', 'affiliation']"
154,"['rates', 'yields']"
155,"['gas', 'projects', 'profile']"
156,"['peer', 'analytics', 'report']"
157,['research']
158,"['PP', 'fuel', 'contract', 'detail']"
159,"['maps', 'export', 'legend']"
160,"['generation', 'supply', 'curve']"
161,"['claims', 'statistics']"
162,"['social', 'media', 'alerts']"
163,"['BA', 'MO', 'data', 'report']"
164,"['credit', 'risk', 'exposure']"
165,"['field', 'chart', 'created']"
166,"['BA', 'MS', 'data', 'report']"
167,"['docs', 'search']"
168,"['recent', 'private', 'equity', 'investments']"
169,"['media', 'and', 'communications', 'internet']"
170,"['plant', 'fuels']"
171,"['wireless', 'wireline', 'page', 'file']"
172,"['mine', 'general', 'comments']"
173,"['GAAP', 'perspective']"
174,"['mapping', 'silo', 'business', 'analyst', 'export']"
175,"['maps', 'radial', 'analysis', 'run', 'analysis']"
176,"['peer', 'group', 'management']"
177,"['SNLcompany', 'search', 'results', 'sort']"
178,"['branch', 'competitors', 'report']"
179,"['events', 'calendar']"
180,"['media', 'and', 'communications', 'broadcasting']"
181,"['exchange', 'rates']"
182,"['network', 'economics']"
183,"['i', 'calendar']"
184,"['investor', 'presentations']"
185,"['country', 'risk']"
186,"['summary', 'of', 'considerations', 'deal', 'statistics']"
187,"['wireless', 'wireline', 'page', 'detail']"
188,"['global', 'multichannel', 'forecast', 'table']"
189,"['power', 'plant', 'operation', 'summary']"
190,"['system', 'ownership', 'map']"
191,['professionals']
192,"['generic', 'RSS', 'feed']"
193,"['video', 'subscribers']"
194,"['private', 'equity', 'transactions']"
195,"['european', 'branch', 'list']"
196,"['energy', 'contracts']"
197,"['BA', 'market', 'overlap']"
198,"['MNDA', 'summary']"
199,"['detailed', 'results', 'deal', 'value', 'calculation']"
200,"['detailed', 'results', 'balance', 'sheet', 'reconciliation']"
201,"['data', 'center', 'price', 'graph']"
202,"['PP', 'news']"
203,"['client', 'request', 'form']"
204,"['media', 'and', 'communications', 'wireless', 'wireline']"
205,"['corporate', 'profile']"
206,"['capacity', 'release', 'by', 'pipeline']"
207,"['peer', 'chart', 'company', 'added', 'as', 'comparison']"
208,"['rates', 'yields', 'page']"
209,"['RRA', 'rate', 'statistics']"
210,"['my', 'interactive', 'RRA', 'research', 'notes']"
211,"['CRE', 'property', 'profile']"
212,"['insurance', 'stat', 'canned', 'report']"
213,"['MNDA', 'documents']"
214,"['commodity', 'top', 'producing', 'mines']"
215,"['comparable', 'deal', 'analysis']"
216,"['consensus', 'details']"
217,"['capital', 'offerings']"
218,"['SNL', 'research', 'library']"
219,"['select', 'services']"
220,"['cable', 'TV', 'DBS', 'and', 'telco', 'video', 'page', 'detail']"
221,"['peer', 'group', 'edit', 'execute', 'advanced', 'search']"
222,"['detailed', 'results', 'contribution', 'analysis']"
223,"['my', 'interactive', 'features']"
224,"['BA', 'print', 'view']"
225,"['results', 'capital', 'ratios', 'reset']"
226,"['deposit', 'market', 'share', 'summary']"
227,"['credit', 'ratings', 'subsidiaries']"
228,"['piracy', 'summary']"
229,"['fossil', 'fuel']"
230,"['SNL', 'publications', 'search']"
231,"['nuclear', 'status', 'and', 'outage', 'report']"
232,"['project', 'list']"
233,"['analyst', 'coverage', 'news']"
234,"['multichannel', 'subscribers', 'by', 'market']"
235,"['company', 'demographics']"
236,"['vendor', 'in', 'use']"
237,"['maps', 'layers', 'remove']"
238,"['package', 'composition']"
239,"['operator', 'comparison', 'by', 'market']"
240,"['contract', 'expiration']"
241,"['credit', 'ratings']"
242,"['BVM', 'check', 'acquisition', 'model', 'checkbox']"
243,"['non', 'interest', 'expense']"
244,"['RR', 'SNL', 'finance', 'client', 'entitlement', 'matrix']"
245,"['power', 'market', 'briefing', 'books']"
246,"['TV', 'network', 'briefing', 'book', 'search']"
247,"['project', 'details']"
248,"['corporate', 'compensation']"
249,"['operator', 'subscriber', 'growth', 'by', 'market']"
250,"['mergers', 'data', 'provider', 'detail', 'results']"
251,"['SNL', 'covered', 'banks', 'headquartered', 'in', 'focused', 'country']"
252,"['US', 'insurance', 'product', 'filings']"
253,"['power', 'plant', 'historic', 'future', 'capacity']"
254,"['RRA', 'event', 'calendar']"
255,"['emissions', 'data', 'graph']"
256,"['branch', 'proximity', 'report']"
257,"['internet', 'media', 'page', 'file']"
258,"['demographic', 'and', 'income', 'profile', '3']"
259,"['view', 'results']"
260,"['TV', 'network', 'page', 'file']"
261,"['capacity', 'auction', 'summary']"
262,"['company', 'data', 'view', 'income', 'statement', 'history']"
263,"['industry', 'analysis']"
264,['capital']
265,"['custom', 'report', 'builder', 'options', 'selection']"
266,"['demographic', 'profile']"
267,"['maps', 'data', 'grid', 'sort']"
268,"['stock', 'chart']"
269,"['index', 'financial']"
270,"['estimates', 'summary']"
271,"['maps', 'radial', 'analysis', 'generate', 'report']"
272,"['articles', 'library']"
273,"['email', 'validation']"
274,"['recent', 'RRA', 'reports']"
275,"['custom', 'report', 'builder', 'preview', 'reports']"
276,"['energy', 'commodity', 'prices']"
277,"['depository', 'top', 'rates']"
278,"['mine', 'subcontractors']"
279,"['TARP', 'participants']"
280,"['community', 'banker', 'deposits', 'and', 'other', 'liabilities']"
281,"['multichannel', 'system', 'ownership', 'list']"
282,"['mine', 'profile']"
283,"['data', 'center', 'home']"
284,"['CRE', 'owners', 'and', 'tenants']"
285,"['rate', 'case', 'profile']"
286,"['maps', 'export', 'JPEG']"
287,"['stock', 'chart']"
288,"['network', 'carriage']"
289,"['custom', 'report', 'builder', 'report', 'selection']"
290,"['broadband', 'market', 'summary']"
291,"['top', 'cable', 'MSos']"
292,"['briefing', 'book', 'search']"
293,"['save', 'merger', 'report', 'selections']"
294,"['merger', 'analysis', 'worksheet', 'mgr', 'delete', 'deal']"
295,"['maps', 'data', 'grid', 'selection']"
296,"['capital', 'offering', 'briefing', 'book', 'search']"
297,"['company', 'data', 'manager', 'update']"
298,"['data', 'center', 'index', 'values']"
299,"['transmission', 'line', 'profile']"
300,"['global', 'multichannel', 'comparison']"
301,['summary']
302,"['rate', 'specials']"
303,"['detailed', 'transmission', 'projects']"
304,"['DTH', 'market', 'summary']"
305,"['article', 'search', 'results']"
306,"['company', 'data', 'manager', 'reset']"
307,"['top', 'news']"
308,"['credit', 'default', 'swap', 'chart']"
309,"['economy', 'in', 'perspective']"
310,"['pipeline', 'contract', 'summary']"
311,"['trend', 'report', 'created']"
312,"['pipeline', 'contract', 'details']"
313,"['multimedia', 'technology', 'page', 'file']"
314,"['power', 'project', 'detail']"
315,"['new', 'user', 'signup', 'step', '4']"
316,"['envrironmental', 'power', 'projects']"
317,"['global', 'multichannel', 'market', 'profile']"
318,"['subdebt', 'schedule', 'reset']"
319,"['historical', 'deal', 'closing', 'historical']"
320,['officers']
321,"['coverage', 'information', 'details']"
322,"['add', 'workbook']"
323,"['MNDA', 'league', 'tables']"
324,"['IP', 'video', 'market', 'summary']"
325,"['NIM', 'yield', 'cost', 'and', 'volume', 'analysis']"
326,"['load', 'curve']"
327,"['mortgage', 'loan', 'summary']"
328,"['commodity', 'profile']"
329,"['net', 'interest', 'margin']"
330,"['MNA', 'history']"
331,"['institutional', 'ownership']"
332,"['property', 'map', 'briefing', 'book']"
333,"['maps', 'save', 'map']"
334,"['BA', 'MO', 'map']"
335,"['SNL', 'news']"
336,"['pipeline', 'zone', 'summary']"
337,"['SNL', 'coal', 'forecast', 'supply']"
338,"['get', 'workspace']"
339,"['US', 'multiscreen', 'page', 'detail']"
340,"['maps', 'search', 'asset']"
341,"['portfolio', 'stocks', 'summary']"
342,"['day', 'ahead']"
343,"['mortgage', 'market', 'share']"
344,"['change', 'logs']"
345,"['regional', 'summary', 'statistics']"
346,"['market', 'share']"
347,"['mergers', 'data', 'provider', 'deal', 'accretion', 'summary']"
348,"['settings', 'summary']"
349,"['detailed', 'results', 'income', 'statement', 'reconciliation', '2']"
350,"['top', 'common', 'equity', 'bookrunners']"
351,"['package', 'subscribers', 'by', 'operator']"
352,"['SNL', 'coal', 'forecast', 'demand']"
353,"['TARP', 'warrants']"
354,"['wizard', 'email', 'alerts']"
355,"['component', 'companies', 'page']"
356,"['US', 'markets', 'summary']"
357,"['mapping', 'silo', 'datagrid']"
358,"['commodities', 'intermediate', 'page']"
359,"['SNL', 'kagan', 'features']"
360,"['pending', 'and', 'decided', 'rate', 'cases', 'LTM']"
361,"['transmission', 'projects', 'recent', 'updates']"
362,"['tenant', 'exposure']"
363,"['financial', 'operational', 'forecast']"
364,"['RRA', 'report', 'search']"
365,"['business', 'profile']"
366,"['bank', 'offerings']"
367,"['economic', 'demographic', 'data']"
368,"['depository', 'rates', 'by', 'region']"
369,"['unit', 'monthly', 'operations']"
370,"['report', 'pop', 'up', 'chart']"
371,"['peer', 'chart', 'company', 'added', 'to', 'group']"
372,['departments']
373,"['coal', 'mine', 'map']"
374,"['network', 'profile']"
375,"['industry', 'country', 'news']"
376,"['company', 'data', 'manager', 'load']"
377,"['IFRS', 'segment', 'analysis']"
378,"['file', 'uploads']"
379,"['MNDA', 'graph']"
380,"['private', 'equity', 'investments']"
381,"['PA', 'report', 'fields', 'changed']"
382,"['mortgage', 'market', 'share', 'summary']"
383,"['TV', 'station', 'financials']"
384,"['chart', 'wizard', 'opened']"
385,"['SNL', 'publications']"
386,"['peer', 'chart', 'edit', 'data']"
387,"['export', 'map', 'to', 'PDF']"
388,"['IP', 'authentication', 'article']"
389,"['industry', 'benchmarks', 'report']"
390,"['maps', 'search', 'company']"
391,"['market', 'performance']"
392,"['SNLcompany', 'search']"
393,"['TV', 'station', 'owners', 'in', 'market']"
394,"['energy', 'regulatory', 'filings']"
395,"['activate', 'worksheet']"
396,"['PA', 'HTML', 'printing']"
397,"['radio', 'station', 'profile']"
398,"['load', 'and', 'energy', 'forecasts']"
399,['error']
400,"['SNlxl', 'download', 'area']"
401,['BAMSdemographics']
402,"['hourly', 'load', 'data']"
403,"['US', 'government', 'program', 'participation']"
404,"['BA', 'BL', 'map']"
405,"['industry', 'stats']"
406,"['MNA', 'deal', 'briefing', 'book', 'search']"
407,"['industry', 'financial', 'data']"
408,"['energy', 'markets', 'gas', 'summary']"
409,"['depository', 'rates', 'by', 'region']"
410,['registration']
411,"['maps', 'screener', 'export']"
412,"['TV', 'market', 'briefing', 'book', 'search']"
413,"['financial', 'performance']"
414,"['RRA', 'landing', 'page']"
415,"['industry', 'enforcement', 'actions']"
416,"['mining', 'commodity', 'metal', 'mining', 'projects']"
417,"['unit', 'emissions', 'controls']"
418,"['demographics', 'data']"
419,"['mobile', 'TV', 'summary']"
420,"['audit', 'fees']"
421,"['global', 'multichannel', 'comparison', 'table']"
422,"['media', 'census', 'home']"
423,"['upcoming', 'events', 'in', 'utility', 'cases']"
424,"['index', 'financials']"
425,"['power', 'plant', 'summary']"
426,"['merger', 'analysis', 'worksheet', 'mgr', 'cp', 'intra', 'ws', 'partner']"
427,"['calendar', 'detail']"
428,['geographies']
429,['password']
430,"['private', 'equity', 'industry', 'overview']"
431,"['BA', 'MO', 'summary']"
432,"['advertising', 'page', 'detail']"
433,"['industry', 'state', 'aggregates']"
434,"['US', 'multichannel', 'market', 'subscriber', 'summary']"
435,"['economy', 'and', 'multichannel', 'affordability']"
436,"['shipper', 'contract', 'details']"
437,"['cached', 'file']"
438,"['table', 'export', 'viewer']"
439,"['estimated', 'financial', 'highlights']"
440,"['deal', 'branch', 'list']"
441,"['TV', 'network', 'industry', 'benchmarks']"
442,"['operational', 'capacity']"
443,"['segment', 'analysis']"
444,"['SNL', 'mine', 'economics']"
445,"['detailed', 'results', 'individual', 'deal', 'summary']"
446,"['detailed', 'results', 'income', 'statement', 'reconciliation', '3']"
447,"['fixed', 'wireless', 'summary']"
448,"['RRA', 'commission', 'profiles']"
449,"['peer', 'chart', 'edit', 'series']"
450,"['SNLcompany', 'search', 'results', 'details']"
451,"['forward', 'power']"
452,"['PA', 'run', 'analysis']"
453,"['quick', 'lookup']"
454,"['unemployment', 'detail']"
455,['thematics']
456,"['maps', 'maps', 'add', 'layers', 'standard']"
457,"['environmental', 'projects', 'detail']"
458,"['PJM', 'capacity', 'markets']"
459,"['reserves', 'and', 'resources']"
460,"['synergies', 'schedule', 'edit']"
461,"['init', 'workspace']"
462,"['broadcast', 'industry', 'benchmarks']"
463,['feedback']
464,"['mapping', 'silo', 'infotool']"
465,"['depository', 'rates']"
466,"['cable', 'TV', 'DBS', 'and', 'telco', 'video', 'page', 'file']"
467,"['mine', 'work', 'history']"
468,"['my', 'interactive', 'issues', 'in', 'focus']"
469,"['rates', 'yields']"
470,"['updated', 'US', 'bank', 'reg', 'financials']"
471,"['results', 'sensitivity', 'analysis', 'reset']"
472,"['maps', 'data', 'grid', 'filter']"
473,"['financial', 'reports']"
474,"['media', 'and', 'communications', 'global', 'multichannel']"
475,"['NYISO', 'capacity', 'markets']"
476,"['peer', 'export', 'to', 'PDF']"
477,"['capacity', 'generation', 'summary']"
478,"['custom', 'report', 'builder', 'generation', 'confirmation']"
479,"['private', 'equity', 'investors']"
480,"['asset', 'quality', 'by', 'loan', 'type', 'part', '1']"
481,"['power', 'plant', 'summary', 'details']"
482,"['peer', 'group', 'edit', 'advanced', 'search', 'popup']"
483,"['summary', 'demographic', 'data', 'map']"
484,"['market', 'commentary']"
485,"['SNL', 'power', 'forecast', 'price']"
486,"['subdebt', 'schedule', 'calculate']"
487,"['coal', 'mines', 'owned']"
488,"['maps', 'drive', 'time', 'run', 'analysis']"
489,"['private', 'equity', 'investment']"
490,"['BVM', 'run', 'analysis']"
491,"['events', 'industry', 'conferences']"
492,"['pipelines', 'owned']"
493,"['discoveries', 'milestones']"
494,"['spot', 'gas']"
495,"['merger', 'report', 'selections']"
496,"['events', 'company', 'meetings']"
497,"['failed', 'banks', 'thrifts']"
498,"['imputed', 'valuation', 'ratios']"
499,"['plant', 'emissions', 'and', 'byproducts']"
500,"['load', 'and', 'energy', 'forecasts', 'tabular']"
501,"['merger', 'deal', 'sorting', 'manager']"
502,"['related', 'licenses']"
503,"['country', 'currency', 'exchange', 'rates']"
504,"['OTC', 'survey']"
505,"['internet', 'media', 'page', 'detail']"
506,"['peer', 'chart', 'HTML', 'printing']"
507,"['performance', 'tree', 'opened']"
508,"['peer', 'group', 'editing']"
509,"['maps', 'BB', 'map', 'CRE']"
510,"['top', 'MNDA', 'financial', 'advisers']"
511,"['pipeline', 'point', 'summary']"
512,"['multiple', 'commissions']"
513,"['PP', 'load', 'curve']"
514,"['credit', 'default', 'swaps', 'curve']"
515,"['branch', 'proximity', 'detail', 'report']"
516,"['energy', 'contracts']"
517,"['events', 'conference', 'calls']"
518,"['economic', 'data']"
519,"['ratio', 'dissection']"
520,"['API', 'security']"
521,"['US', 'multichannel', 'system', 'ownership']"
522,"['transmission', 'projects']"
523,"['portfolio', 'summary']"
524,"['global', 'multichannel', 'markets']"
525,"['news', 'letters', 'search', 'results']"
526,"['unemployment', 'data']"
527,"['SNL', 'coal', 'forecast', 'guidance']"
528,"['capital', 'issues', 'detail']"
529,"['peer', 'chart', 'builder']"
530,"['operational', 'capacity', 'by', 'power', 'plant']"
531,"['mine', 'documents']"
532,"['mortgage', 'summary']"
533,['ownership']
534,"['detailed', 'results', 'sensitivity', 'analysis']"
535,"['audit', 'fee', 'league', 'tables']"
536,"['cable', 'market', 'summary']"
537,"['market', 'scatter', 'chart']"
538,"['BA', 'HHI', 'map']"
539,"['metals', 'mining', 'map']"
540,"['RRA', 'rate', 'case', 'history']"
541,"['officers', 'bio']"
542,"['community', 'banker', 'loans', 'and', 'assets']"
543,"['my', 'market', 'indexes']"
544,"['analyst', 'detail']"
545,"['briefing', 'book', 'plant', 'map']"
546,"['coal', 'mine', 'briefing', 'book', 'search']"
547,"['power', 'projects', 'recent', 'updates']"
548,"['maps', 'BB', 'map', 'CRE', 'info', 'tool']"
549,"['global', 'multichannel', 'rankings']"
550,"['add', 'to', 'library', 'popup']"
551,"['gas', 'projects', 'in', 'development']"
552,"['select', 'period']"
553,"['briefing', 'book', 'station', 'list']"
554,"['coverage', 'information']"
555,"['branch', 'locations']"
556,"['maps', 'map', 'app', 'layer', 'styles']"
557,"['institutional', 'ownership', 'detail']"
558,"['rate', 'case', 'reports']"
559,"['imputed', 'valuation', 'comparable', 'deals']"
560,"['deposit', 'summary']"
561,"['get', 'user', 'info']"
562,"['historic', 'and', 'future', 'capacity']"
563,"['power', 'plants', 'served']"
564,"['US', 'government', 'bailout', 'coverage']"
565,"['MNDA', 'statistics']"
566,"['network', 'news']"
567,"['NAV', 'estimates']"
568,"['synergies', 'schedule', 'load']"
569,"['home', 'page']"
570,"['PP', 'load', 'curve', 'values']"
571,"['as', 'reported', 'report']"
572,"['de', 'novo', 'banks', 'thrifts']"
573,"['knowledge', 'base']"
574,"['OTT', 'service', 'providers', 'devices']"
575,"['detailed', 'results', 'income', 'statement', 'reconciliation', '4']"
576,"['country', 'risk', 'summary']"
577,"['country', 'profile']"
578,"['RRA', 'report', 'search', 'result']"
579,"['document', 'detail']"
580,"['shipper', 'contract', 'summary']"
581,"['news', 'archive', 'page']"
582,"['BA', 'MS', 'map']"
583,"['deal', 'comps', 'selections']"
584,"['summary', 'of', 'considerations', 'financial', 'impact']"
585,"['top', 'TV', 'station', 'owners']"
586,"['PP', 'units']"
587,"['results', 'capital', 'ratios', 'edit']"
588,"['knowledge', 'base']"
589,"['PA', 'company', 'added', 'or', 'deleted']"
590,"['corporate', 'structure']"
591,"['wireless', 'license', 'demographics']"
592,"['advertising', 'page', 'file']"
593,"['retail', 'gas', 'sales', 'by', 'state']"
594,"['physical', 'survey']"
595,"['global', 'multichannel', 'operator', 'analysis']"
596,"['energy', 'markets', 'coal', 'summary']"
597,"['committee', 'membership']"
598,"['detailed', 'results', 'income', 'statement', 'reconciliation', '1']"
599,"['cable', 'MSO', 'industry', 'benchmarks']"
600,"['US', 'multichannel', 'industry', 'benchmarks']"
601,"['attributable', 'reserves', 'resources']"
602,"['property', 'transactions']"
603,"['project', 'annual', 'production']"
604,"['forward', 'coal']"
605,"['gas', 'projects']"
606,"['package', 'network', 'by', 'headend']"
607,"['insider', 'activity', 'detail']"
608,"['dashboard', 'european', 'significant', 'credit', 'institutions']"
609,"['rate', 'case', 'briefing', 'book', 'search']"
610,"['CEMS', 'unit', 'graph']"
611,"['rate', 'cases']"
612,"['branch', 'competitors', 'pricing', 'report']"
613,"['power', 'plant', 'by', 'type']"
614,"['maps', 'drive', 'time', 'generate', 'report']"
615,"['recent', 'news']"
616,"['press', 'releases']"
617,"['select', 'A', 'page']"
618,"['global', 'bank', 'branch', 'map']"
619,"['merger', 'analysis', 'worksheet', 'mgr', 'cp', 'company', 'palette']"
620,"['update', 'workbook']"
621,"['mine', 'news']"
622,"['reactor', 'power', 'level']"
623,"['present', 'and', 'future', 'of', 'multichannel', 'market']"
624,"['transmission', 'projects']"
625,"['maps', 'info', 'tool']"
626,"['community', 'banker', 'asset', 'quality']"
627,"['results', 'sensitivity', 'analysis', 'edit']"
628,"['articles', 'search']"
629,"['market', 'overlap', 'report', 'comparison', 'company', 'search']"
630,"['mine', 'production', 'detail']"
631,"['enforcement', 'actions']"
632,"['knowledge', 'base']"
633,"['maps', 'open', 'saved', 'map']"
634,"['events', 'earnings', 'releases']"
635,"['securities', 'pipeline']"
636,"['property', 'ownership', 'structure']"
637,['news']
638,"['global', 'multichannel', 'ranking', 'table']"
639,"['media', 'and', 'communications', 'US', 'multichannel']"
640,"['institutional', 'ownership', 'peer', 'comparison']"
641,"['maps', 'BB', 'map', 'CRE', 'street', 'view']"
642,"['statistics', 'view', 'of', 'new', 'banks']"
643,"['TV', 'advertising', 'summary']"
644,"['briefing', 'book', 'wireless', 'license', 'list']"
645,"['package', 'subscribers', 'by', 'operator', 'by', 'county']"
646,"['BA', 'company', 'search']"
647,['features']
648,"['daily', 'nuclear']"
649,"['news', 'wire']"
650,"['maps', 'all', 'instances', 'of', 'street', 'view', 'in', 'infotool']"
651,"['offering', 'documents']"
652,"['reserves', 'resources', 'production', 'chart']"
653,"['latest', 'filings']"
654,"['top', 'tenants']"
655,"['broadcasting', 'page', 'file']"
656,"['maps', 'demographics', 'tool']"
657,"['BVM', 'change', 'report', 'value']"
658,"['operational', 'capacity', 'by', 'point']"
659,"['BAMSedit', 'report']"
660,"['TV', 'station', 'profile']"
661,"['regulatory', 'highlights']"
662,"['operational', 'capacity', 'by', 'point']"
663,"['monthly', 'generation']"
664,"['wireless', 'license', 'profile']"
665,"['HDTV', 'summary']"
666,"['mapping', 'silo', 'radial', 'analysis']"
667,"['top', 'markets']"
668,"['US', 'multiscreen', 'page', 'file']"
669,"['property', 'transactions']"
670,"['rate', 'case', 'documents']"
671,"['channel', 'lineups', 'by', 'headend']"
672,"['broadcasting', 'page', 'detail']"
673,"['offerings', 'league', 'table', 'report']"
674,"['detailed', 'results', 'projected', 'income', 'statement']"
675,['redirector']
676,"['debt', 'maturity', 'profile']"
677,"['BA', 'transaction']"
678,"['capacity', 'generation', 'summary']"
679,"['subdebt', 'schedule', 'apply']"
680,"['weekly', 'US', 'coal', 'production', 'by', 'region', 'historical']"
681,"['BVM', 'launch', 'application']"
682,"['knowledge', 'base']"
683,['transcripts']
684,"['offerings', 'league', 'tables']"
685,"['deposit', 'summary', 'detail']"
686,"['power', 'plants', 'perspective']"
687,"['RRA', 'commission', 'details']"
688,"['radio', 'stations', 'by', 'market', 'and', 'format']"
689,"['mine', 'location', 'map', 'claims']"
690,"['custom', 'page']"
691,"['power', 'plant', 'profile']"
692,"['currency', 'exchange', 'rates']"
693,['dividends']
694,"['all', 'video', 'by', 'DMA']"
695,"['SNL', 'coal', 'forecast', 'price']"
696,"['issues', 'in', 'focus']"
697,"['peer', 'group', 'edit', 'type', 'ahead']"
698,"['maps', 'BB', 'map', 'branch']"
699,"['industry', 'financials', 'in', 'perspective']"
700,"['gas', 'projects', 'recent', 'updates']"
701,"['knowledge', 'base']"
702,"['maps', 'BB', 'map', 'link', 'through']"
703,"['power', 'projects']"
704,['message']
705,"['financial', 'institutions', 'portfolio', 'monitoring']"
706,"['BA', 'market', 'share']"
707,"['TV', 'station', 'transaction', 'history']"
708,"['capacity', 'release', 'by', 'replacement', 'shipper']"
709,"['RRA', 'articles']"
710,"['community', 'banker', 'capital', 'management']"
711,"['offering', 'overview']"
712,"['CEMS', 'unit', 'values']"
713,"['cost', 'savings', 'phasein', 'schedule', 'edit']"
714,"['peer', 'export', 'to', 'SNlxl']"
715,"['interest', 'rate', 'risk']"
716,"['commodity', 'chart']"
717,"['institutional', 'holdings']"
718,"['SNL', 'power', 'forecast', 'supply', 'demand']"
719,"['imputed', 'valuation', 'imputed', 'value']"
720,"['US', 'depository', 'rates']"
721,"['annual', 'unit', 'emissions']"
722,['login']
723,"['mine', 'project', 'profile']"
724,"['PP', 'docs']"
725,"['industry', 'news']"
726,"['TV', 'networks', 'page', 'detail']"
727,"['licensed', 'area', 'detail']"
728,['article']
729,"['market', 'share']"
730,"['commodity', 'chart']"
731,"['imputed', 'valuation']"
732,"['MNDA', 'US', 'market', 'share']"
733,"['view', 'results', 'sort']"
734,"['metals', 'mining', 'property', 'briefing', 'book', 'search']"
735,"['peer', 'analytics']"
736,"['market', 'list']"
737,"['peer', 'export', 'to', 'XLS']"
738,"['ranking', 'report']"
739,"['portfolio', 'valuation', 'summary']"
740,['file']
